,pfoodh,pfoodr,prent,poper,pfurn,pcloth,ptranop,precr,pothers
pfoodh,1.5576895246099090e-01,2.1804133754149121e-01,4.5770397068074647e-01,-8.6052937221660325e-02,4.5849689909913383e-01,9.2950800414854484e-02,-5.5268880206546793e-02,-2.0057042329878905e-01,-4.1069719260561535e-02
pfoodr,4.3090508136148126e-01,6.0714263335711161e-01,2.3404030139756060e-01,5.5728726729435607e-01,-8.9226496620506557e-01,-7.2402429978493854e-01,7.5634523205666312e-02,4.0561149513895184e-01,3.0566796444453548e-01
prent,1.8143747570220919e-01,4.6945091051794723e-02,5.4285994491101497e-01,4.0818790078211660e-02,1.1140213430106662e-01,1.5599764376864311e-02,9.2362586243117425e-02,7.9120049683722177e-03,-3.9337791422991895e-02
poper,-1.7576052989345883e-01,5.7595956796637571e-01,2.1031655879797587e-01,7.0319571374481293e-01,-2.9450600847787339e-01,-6.8159985176699370e-02,-3.1668697612613833e-01,4.7906403130241965e-01,-1.1342237192775505e-01
pfurn,1.6811624767961053e+00,-1.6554815635010145e+00,1.0304442060923540e+00,-5.2870301889875904e-01,-1.5957200278073852e-01,8.7499651538715184e-01,-2.6022388635246152e-01,-4.2388470793604699e-01,4.4126198140306877e-01
pcloth,1.6628533084230029e-01,-6.5540714147435808e-01,7.0400627260256740e-02,-5.9700042124540810e-02,4.2690755749858417e-01,7.9592870968544027e-01,5.1146681328084387e-01,3.7381267235288768e-01,-6.2969452711175489e-01
ptranop,-7.0173879167535175e-02,4.8592821275789712e-02,2.9583434306268636e-01,-1.9686538828368763e-01,-9.0109108408765320e-02,3.6300405286622456e-01,4.6960309703557379e-01,9.4847017859832794e-02,8.5267043969540116e-02
precr,-3.6594680233936910e-01,3.7447130321192840e-01,3.6416256711113357e-02,4.2794600415576395e-01,-2.1092377209728466e-01,3.8124510881611262e-01,1.3629500090976659e-01,-1.0376971102593355e-03,2.2153459795188737e-01
pothers,-2.1442857206696225e-01,8.0754747999584298e-01,-5.1811787740384263e-01,-2.8993723294119378e-01,6.2832471779667221e-01,-1.8377652409871357e+00,3.5062857550590959e-01,6.3394475815666840e-01,1.4398033921537006e+00
